-- phpMyAdmin SQL Dump
-- version 5.2.1
-- https://www.phpmyadmin.net/
--
-- Host: 127.0.0.1
-- Generation Time: Jun 22, 2025 at 12:00 PM
-- Server version: 10.4.32-MariaDB
-- PHP Version: 8.3.10

SET SQL_MODE = "NO_AUTO_VALUE_ON_ZERO";
START TRANSACTION;
SET time_zone = "+00:00";


/*!40101 SET @OLD_CHARACTER_SET_CLIENT=@@CHARACTER_SET_CLIENT */;
/*!40101 SET @OLD_CHARACTER_SET_RESULTS=@@CHARACTER_SET_RESULTS */;
/*!40101 SET @OLD_COLLATION_CONNECTION=@@COLLATION_CONNECTION */;
/*!40101 SET NAMES utf8mb4 */;

--
-- Database: `db_blog`
--

-- --------------------------------------------------------

--
-- Table structure for table `articles`
--

CREATE TABLE `articles` (
  `id` int(20) NOT NULL,
  `title` text NOT NULL,
  `content` text NOT NULL,
  `category_id` int(11) DEFAULT NULL,
  `author_id` int(11) DEFAULT NULL,
  `published_at` timestamp NOT NULL DEFAULT current_timestamp(),
  `updated_at` timestamp NULL DEFAULT NULL ON UPDATE current_timestamp()
) ENGINE=InnoDB DEFAULT CHARSET=utf8mb4 COLLATE=utf8mb4_general_ci;

--
-- Dumping data for table `articles`
--

INSERT INTO `articles` (`id`, `title`, `content`, `category_id`, `author_id`, `published_at`, `updated_at`) VALUES
(1, 'The Newest Mobile Technology: Flutter, React Native, Ionic Framework, and Framework7', 'The Newest Mobile Technology: Flutter, React Native, Ionic Framework, and Framework7\r\n\r\nThe mobile app development industry is evolving at an unprecedented pace, with innovative frameworks enabling faster, more efficient, and cost-effective app creation. Among the latest technologies transforming the landscape are Flutter, React Native, Ionic Framework, and Framework7. These frameworks empower developers to build high-performance applications for multiple platforms using a single codebase. Understanding their strengths and differences is crucial for businesses and developers aiming to stay ahead in the competitive tech space.\r\n\r\nFlutter: Google’s Powerhouse for Cross-Platform Apps\r\n\r\nDeveloped by Google, Flutter has rapidly gained popularity due to its ability to create visually stunning, natively compiled applications for mobile, web, and desktop from a single codebase. Unlike traditional frameworks, Flutter uses the Dart programming language, which optimizes performance by compiling directly to native machine code.\r\n\r\nKey Advantages of Flutter - Hot Reload: Instantly view changes without restarting the app, significantly speeding up development. - Customizable UI: A rich set of widgets allows for highly customized, responsive designs. - Strong Community Support: Backed by Google and a growing developer community, ensuring continuous updates and extensions. - High Performance: Near-native performance thanks to its direct compilation approach.\r\n\r\nFlutter is ideal for startups and enterprises looking to build visually appealing apps quickly without compromising performance.\r\n\r\nReact Native: Facebook’s Versatile Framework\r\n\r\nReact Native, developed by Facebook, remains a top choice for cross-platform mobile app development. It leverages JavaScript and React, making it accessible to a vast pool of developers.\r\n\r\nWhy Choose React Native? - Reusable Code: Write once, deploy on both iOS and Android. - Third-Party Plugin Support: Extensive libraries enhance functionality without extra development effort. - Strong Ecosystem: A mature framework with widespread adoption and community-driven solutions. - Live Reload: Developers can see real-time changes, improving efficiency.\r\n\r\nReact Native is best for teams already familiar with JavaScript and seeking a balance between speed and performance.\r\n\r\nIonic Framework: The Web-Based Approach\r\n\r\nIonic Framework stands out by utilizing HTML, CSS, and JavaScript to build cross-platform apps. Unlike Flutter and React Native, Ionic apps run in a web view, making them highly portable but sometimes less performant for complex applications.\r\n\r\nBenefits of Ionic - Web-Friendly: Perfect for developers with web development experience. - Extensive UI Components: Pre-designed elements facilitate rapid prototyping. - Integration with Angular, React, or Vue: Flexibility in choosing a frontend framework. - Progressive Web App (PWA) Support: Build apps that function seamlessly across devices.\r\n\r\nIonic is a solid choice for hybrid apps and businesses prioritizing quick deployment over raw performance.\r\n\r\nFramework7: The Underrated Contender\r\n\r\nFramework7 is a lesser-known but powerful framework for building iOS and Android apps using web technologies. Unlike React Native and Flutter, Framework7 is not a full-fledged development framework but rather a UI framework that works with tools like Cordova or Capacitor to package apps.\r\n\r\nWhy Consider Framework7? - Lightweight and Fast: Minimal overhead ensures quick loading times. - Native-Like UI: Pre-styled components mimic native app behavior. - Easy Learning Curve: Uses standard web technologies (HTML, CSS, JS). - Rapid Prototyping: Ideal for MVPs and simple applications.\r\n\r\nFramework7 is best suited for developers needing a lightweight solution to create aesthetically pleasing mobile apps with minimal complexity.\r\n\r\nWhich Framework Should You Choose?\r\n\r\nThe best framework depends on project requirements: - For high-performance, visually rich apps → Flutter - For JavaScript-based, widely supported apps → React Native - For web developers needing hybrid apps → Ionic - For lightweight, UI-focused applications → Framework7\r\n\r\nEach framework has unique strengths, making them valuable tools in modern app development. By selecting the right one, businesses can reduce costs, accelerate time-to-market, and deliver exceptional user experiences. Staying informed about these technologies ensures you stay competitive in the ever-evolving mobile landscape.', 5, 1, '2025-06-17 20:22:48', '2025-06-17 20:23:18'),
(2, 'Why Flutter Mobile is Revolutionizing App Development', 'Why Flutter Mobile is Revolutionizing App Development\r\n\r\nIn today\'s fast-paced digital world, mobile apps have become essential for businesses and individuals alike. The demand for high-quality, cross-platform applications has skyrocketed, and developers need tools that deliver speed, efficiency, and consistency. Enter Flutter, Google’s open-source UI software development kit that is transforming the way mobile apps are built. Whether you\'re a programmer looking for a powerful framework or an entrepreneur aiming to launch the next big app, Flutter offers unparalleled advantages that make it a game-changer in the mobile app industry.\r\n\r\nWhat is Flutter?\r\n\r\nFlutter is a modern framework designed to create native-like mobile applications for iOS and Android using a single codebase. Unlike traditional app development, which requires separate coding for each platform, Flutter allows developers to write once and deploy everywhere. Built on the Dart programming language, Flutter combines high performance with a rich set of customizable widgets, making it one of the most efficient tools for app development.\r\n\r\nKey Features of Flutter\r\n\r\n1. Single Codebase, Multiple Platforms - Flutter eliminates the need for maintaining separate iOS and Android code. Developers can build apps for both platforms (and even web and desktop) using the same set of files, reducing development time and costs significantly.\r\n\r\n2. Fast Development with Hot Reload - One of Flutter’s most praised features is Hot Reload, which allows developers to see changes in real-time without restarting the entire app. This accelerates debugging and feature implementation, making the development process smoother and more efficient.\r\n\r\n3. Expressive and Customizable UI - Flutter comes with a wide range of pre-built widgets that can be customized to create visually stunning apps. Its flexible design capabilities allow for pixel-perfect interfaces that match brand identities effortlessly.\r\n\r\n4. High Performance & Native Compilation - Since Flutter apps are compiled directly into native ARM code, they run at near-native speeds. This ensures smooth animations and responsive performance, rivaling apps built traditionally with Swift or Kotlin.\r\n\r\n5. Strong Community & Ecosystem - Backed by Google and supported by a rapidly growing developer community, Flutter provides extensive documentation, third-party packages, and plugins that simplify complex functionalities.\r\n\r\nWhy Businesses Should Choose Flutter\r\n\r\nFor businesses aiming to cut costs and reduce time-to-market, Flutter is an ideal choice. Startups and enterprises alike benefit from:\r\n\r\n- Lower Development Costs: Maintaining a single codebase means fewer developers are needed, reducing expenses. - Faster Deployment: With one team working on both platforms, businesses can launch apps quickly and efficiently. - Consistent User Experience: Flutter ensures the same look and feel across all devices, improving brand cohesion.\r\n\r\nCompanies like Alibaba, Google Ads, and Reflectly have successfully leveraged Flutter to create scalable, high-performing apps.\r\n\r\nFlutter vs. Other Frameworks\r\n\r\nWhen compared to alternatives like React Native or Xamarin, Flutter stands out in several ways:\r\n\r\n- Better Performance: Unlike React Native, which uses a JavaScript bridge, Flutter compiles to native code, eliminating performance bottlenecks. - More Customizable: While Xamarin relies on native components, Flutter’s widget-based system offers greater design flexibility. - Faster Development: Hot Reload gives Flutter an edge over slower, more cumbersome frameworks.\r\n\r\nGetting Started with Flutter\r\n\r\nFor developers eager to dive in, the learning curve for Dart (Flutter’s programming language) is minimal, especially for those familiar with JavaScript or Java. Google provides extensive Flutter tutorials, codelabs, and sample projects to help beginners.\r\n\r\n1. Install Flutter SDK - Download and set up the Flutter SDK from the official website. 2. Choose an IDE - Popular choices include VS Code and Android Studio with Flutter plugins. 3. Start Building - Use Flutter’s widgets and tools to create your first app.\r\n\r\nThe Future of Flutter\r\n\r\nWith Google’s continued investment and Flutter 3.0 expanding to desktop and web, the framework is set to dominate cross-platform development. As more companies adopt Flutter, the demand for skilled Flutter developers will soar, making it a lucrative career path for programmers.\r\n\r\nConclusion\r\nFlutter is not just another framework—it’s a revolution in mobile app development. Its speed, cost-efficiency, and versatility make it the top choice for developers and businesses alike. Whether you’re building your first app or scaling a global enterprise solution, Flutter provides the tools needed to succeed in today’s competitive market. The future of mobile apps is here, and it’s powered by Flutter.', 1, 3, '2025-06-17 20:46:42', '2025-06-17 20:46:52'),
(3, 'React Native and Mobile Apps: The Future of Cross-Platform Development', 'React Native and Mobile Apps: The Future of Cross-Platform Development\r\n\r\nMobile applications have transformed the way we live, work, and communicate. As businesses and developers look for efficient ways to build high-performance apps, React Native has emerged as a game-changer in the mobile development landscape. Combining the power of React with native mobile capabilities, this framework enables developers to create seamless, cross-platform apps with a single codebase.\r\n\r\nWhat is React Native?\r\n\r\nReact Native is an open-source framework developed by Facebook (now Meta) for building mobile applications using JavaScript and React. Unlike traditional hybrid frameworks, React Native compiles to native code, delivering performance that’s nearly indistinguishable from apps built with native languages like Swift or Kotlin. The ability to write once and deploy on both iOS and Android has made it a favorite among developers and businesses alike.\r\n\r\nThe Rise of Cross-Platform Development\r\n\r\nGone are the days when companies had to build separate apps for different platforms. Cross-platform development with React Native reduces costs, accelerates development time, and ensures consistency across devices. Popular apps like Facebook, Instagram, and Airbnb have leveraged React Native to deliver smooth, responsive experiences.\r\n\r\nWith a vast library of pre-built components, developers can quickly assemble interfaces without reinventing the wheel. Additionally, hot reloading allows real-time code updates, significantly improving productivity.\r\n\r\nWhy Choose React Native for Mobile Development?\r\n\r\n1. Cost-Effective and Time-Saving Building separate iOS and Android apps requires double the resources. React Native eliminates this redundancy, allowing businesses to reach a wider audience with a single codebase.\r\n\r\n2. Near-Native Performance Unlike traditional hybrid frameworks that rely on web views, React Native executes directly on native threads, ensuring faster speeds and smoother animations.\r\n\r\n3. Strong Community and Ecosystem Backed by Meta and a thriving developer community, React Native offers extensive documentation, third-party libraries, and plugins. Tools like Expo further simplify development by providing ready-made components and services.\r\n\r\n4. Simplified UI Development React Native’s component-based architecture makes UI development intuitive. Developers can reuse code across platforms while maintaining platform-specific design elements when needed.\r\n\r\nExpo: Supercharging React Native Development\r\n\r\nExpo is a set of tools and services built around React Native that helps developers create, build, and deploy mobile apps quickly. It eliminates complex native configurations, offering:\r\n\r\n- Pre-configured development environments - Built-in APIs for accessing device features like camera, GPS, and push notifications - Over-the-air updates for instant bug fixes and feature rollouts\r\n\r\nExpo is particularly useful for startups and small teams that want to bypass the hassles of native setup and focus on innovation.\r\n\r\nChallenges and Considerations\r\n\r\nWhile React Native offers numerous benefits, it’s not without challenges:\r\n\r\n- Performance Bottlenecks: Complex animations and heavy computations may still require native modules. - Limited Customization: Some platform-specific features may need native coding. - Dependency on Third-Party Libraries: While useful, these can sometimes become outdated or unsupported.\r\n\r\nHowever, most limitations can be mitigated with proper planning and optimization.\r\n\r\nThe Future of Mobile Development\r\n\r\nAs mobile technology evolves, React Native continues to lead the charge in cross-platform development. With improvements like Fabric (a new architecture enhancing performance) and growing adoption in enterprise applications, its future looks promising.\r\n\r\nFor businesses seeking rapid, scalable app development, React Native remains a powerful choice. Whether you\'re a startup or an established brand, leveraging this framework can help you stay competitive in the ever-growing mobile industry. The ability to merge cost efficiency with high performance makes React Native an indispensable tool for modern mobile development.\r\n\r\nBy adopting React Native, companies can bring their app ideas to life faster while maintaining the quality users expect. The marriage of simplicity, efficiency, and performance ensures React Native will remain a dominant force in mobile development for years to come. The future of mobile apps is cross-platform, and React Native is leading the way', 2, 5, '2025-06-17 20:49:15', '2025-06-20 14:24:41'),
(4, 'Flutter Best Practices for Building High-Quality Mobile Apps', 'Flutter Best Practices for Building High-Quality Mobile Apps\r\n\r\nFlutter has rapidly become a popular choice for mobile app development due to its cross-platform capabilities, expressive UI, and fast performance. However, like any framework, following best practices ensures that your apps are not only functional but also maintainable, scalable, and efficient. Whether you’re a beginner or looking to refine your skills, these best practices will help you build high-quality Flutter apps.\r\n\r\n1. Organize Your Project Structure\r\n\r\nA well-organized project structure is crucial for long-term maintainability. While Flutter doesn’t enforce strict conventions, following a clean architecture can prevent confusion as your project grows. Consider these common patterns:\r\n\r\n- Layered Architecture (Feature-Based): - `lib/features/` (e.g., `auth`, `profile`, `home`) – Each feature contains its own UI, logic, and models. - `lib/core/` – Shared utilities, constants, and base widgets. - `lib/services/` – Networking, databases, and third-party integrations. - State Management Separation: - Keep UI and business logic separate using providers (e.g., `Provider`, `Riverpod`, `Bloc`).\r\n\r\nA structured project makes navigation easier and simplifies debugging.\r\n\r\n2. Follow Dart and Flutter Coding Standards\r\n\r\nWriting clean, consistent code improves readability and collaboration. Follow these guidelines:\r\n\r\n- Use Effective Dart Guidelines: - Follow the official Dart style guide. - Prefer `lowerCamelCase` for variables and functions. - Use `UpperCamelCase` for class and enum names. - Naming Conventions: - Widget files should end with `_widget.dart` (e.g., `custom_button_widget.dart`). - Keep widget names descriptive (e.g., `LoginButton` instead of `Button1`). - Avoid Large Widget Trees: - Break down complex UIs into smaller widgets to improve performance and readability.\r\n\r\nConsistency in naming and structure makes code reviews and refactoring easier.\r\n\r\n3. Optimize App Performance\r\n\r\nFlutter apps are fast, but performance issues can arise if best practices are ignored:\r\n\r\n- Minimize Rebuilds with `const` Widgets: - Mark widgets as `const` where possible to avoid unnecessary rebuilds. ```dart const Text(\'Hello, Flutter!\'), // More efficient ``` - Use `ListView.builder` for Long Lists: - Avoid `ListView(children: [...])` for dynamic lists; instead, use `ListView.builder` to render items on-demand. - Limit Stateful Widgets: - Use `StatelessWidget` for static UIs and manage state externally (via `Provider`, `Bloc`, etc.). - Avoid Heavy Computations in `build()`: - Move expensive operations outside the `build` method (e.g., API calls, complex calculations).\r\n\r\nPerformance optimizations ensure smooth animations and responsiveness.\r\n\r\n4. Implement Efficient State Management\r\n\r\nFlutter offers several state management solutions, each with its strengths:\r\n\r\n- For Beginners: Start with `Provider` or `Riverpod`—simple and scalable. - For Complex Apps: Consider `Bloc` for unidirectional data flow. - Avoid SetState Abuse: - Excessive `setState()` calls lead to unnecessary widget rebuilds.\r\n\r\nChoose a state management solution early to avoid messy refactoring later.\r\n\r\n5. Write Testable Code\r\n\r\nTesting ensures robustness and prevents regressions:\r\n\r\n- Unit Tests: Test business logic in isolation (`test` package). - Widget Tests: Verify UI behavior (`flutter_test` package). - Integration Tests: Test full app flows (`integration_test` package).\r\n\r\nMock dependencies (e.g., `Mockito`) for reliable test environments.\r\n\r\n6. Secure Your App\r\n\r\nSecurity should never be an afterthought:\r\n\r\n- Secure API Calls: - Use HTTPS, validate SSL certificates, and avoid hardcoding API keys. - Local Storage Security: - Use `flutter_secure_storage` for sensitive data. - Input Validation: - Sanitize user inputs to prevent injection attacks.\r\n\r\n7. Optimize for Different Screen Sizes\r\n\r\nFlutter makes responsiveness easier, but consistency across devices is key:\r\n\r\n- Use MediaQuery and LayoutBuilder: - Adjust layouts based on screen dimensions. - Responsive Widgets: - `Flexible`, `Expanded`, and `AspectRatio` help create fluid UIs. - Test on Multiple Devices: - Emulators are great, but real-device testing is essential.\r\n\r\n8. Leverage Flutter’s Ecosystem\r\n\r\nThe pub.dev repository offers powerful packages:\r\n\r\n- Popular Packages: - `http` for networking. - `shared_preferences` for local storage. - `cached_network_image` for efficient image loading. - Avoid Overloading Dependencies: - Only add packages when necessary to reduce app size.\r\n\r\n9. Continuous Integration & Deployment (CI/CD)\r\n\r\nAutomate builds and testing for efficiency:\r\n\r\n- Tooling: - Use GitHub Actions, Codemagic, or Fastlane for automated builds. - App Store Guidelines: - Follow platform-specific guidelines (e.g., Apple’s App Store, Google Play).\r\n\r\nAutomating workflows reduces manual errors and speeds up releases.\r\n\r\n10. Document and Maintain\r\n\r\nGood documentation ensures long-term project health:\r\n\r\n- Code Comments & READMEs: - Explain complex logic and setup instructions. - Version Control Best Practices: - Use semantic versioning (`pubspec.yaml`) and meaningful commit messages.\r\n\r\nConclusion\r\n\r\nAdopting these Flutter best practices from the start will set you on the path to building high-performance, maintainable, and scalable mobile apps. By organizing your code well, optimizing performance, and leveraging Flutter’s rich ecosystem, you’ll create apps that stand out in a competitive market. Whether you\'re just starting or refining your skills, consistency and attention to detail will make you a proficient Flutter developer. Happy coding!', 1, 2, '2025-06-17 21:39:25', NULL),
(5, 'Why Flutter is the Best Choice for Mobile App Development', 'Why Flutter is the Best Choice for Mobile App Development\r\n\r\nBuilding mobile applications can seem daunting, especially for beginners. With multiple platforms, languages, and frameworks available, choosing the right tool is crucial. Flutter, developed by Google, has rapidly gained popularity as a go-to framework for mobile app development. Its simplicity, efficiency, and cross-platform capabilities make it an excellent choice for developers at all levels. If you’re new to mobile development and want a tool that delivers high performance without unnecessary complexity, Flutter is the answer.\r\n\r\nWhat is Flutter?\r\n\r\nFlutter is an open-source UI software development kit used to create natively compiled applications for mobile, web, and desktop from a single codebase. Unlike traditional frameworks that require separate code for iOS and Android, Flutter allows developers to write once and deploy everywhere. This reduces development time, effort, and cost while maintaining high performance.\r\n\r\nWhy Choose Flutter for Mobile Apps?\r\n\r\n1. Simple & Beginner-Friendly\r\n\r\nFlutter’s learning curve is gentle compared to other mobile development frameworks. It uses Dart, an easy-to-learn language with a syntax similar to Java and JavaScript. The framework provides extensive documentation, widgets, and tools, making it accessible even for beginners. Instead of dealing with platform-specific complexities, developers can focus on crafting a seamless user experience.\r\n\r\n2. Faster Development with Hot Reload\r\n\r\nOne of Flutter’s biggest advantages is the Hot Reload feature. This allows developers to see changes instantly without restarting the app. For beginners, this means faster debugging and testing, significantly speeding up the development process. You can experiment with designs, fix bugs, and refine UI elements in real-time.\r\n\r\n3. Cross-Platform Capabilities\r\n\r\nDeveloping separate apps for iOS and Android is time-consuming. Flutter eliminates this challenge by enabling single-codebase development. Write once, and your app runs smoothly on both platforms. This is particularly beneficial for startups and small teams with limited resources.\r\n\r\n4. Beautiful & Customizable UI\r\n\r\nFlutter includes a rich set of pre-designed widgets that help in creating stunning UIs effortlessly. Since Flutter doesn’t rely on native components, the apps look and feel consistent across all platforms. Custom animations, transitions, and themes can be implemented without platform restrictions, giving developers full creative control.\r\n\r\n5. High Performance\r\n\r\nFlutter’s architecture contributes to fast app performance. Since Dart compiles to native machine code, Flutter apps run smoothly, without the performance drawbacks of traditional cross-platform solutions. For beginners worried about app speed, Flutter ensures smooth animations and quick load times.\r\n\r\n6. Strong Community & Support\r\n\r\nBeing backed by Google, Flutter enjoys strong corporate support and a thriving community. Beginners can easily find tutorials, sample projects, and solutions to common issues. The Flutter community actively contributes to plugins, packages, and improvements, making development easier for newcomers.\r\n\r\n7. Cost-Effective Solution\r\n\r\nFor businesses and solo developers, maintaining a single codebase reduces expenses significantly. Lesser time spent on development and debugging means reduced costs without compromising quality.\r\n\r\nGetting Started with Flutter\r\n\r\nNow that you’re convinced Flutter is the right choice, here’s how to begin:\r\n\r\n1. Install Flutter – Download the Flutter SDK from the official website and set up your development environment. 2. Set Up an Editor – Android Studio, VS Code, or IntelliJ with the Flutter plugin is recommended. 3. Learn Dart Basics – Since Flutter uses Dart, understanding its fundamentals will help. 4. Build Your First App – Follow official tutorials to create a simple app and test it on emulators or real devices. 5. Explore Widgets & Packages – Experiment with Flutter’s widgets and plugins to add functionality.\r\n\r\nCommon Use Cases for Flutter\r\n\r\nFlutter is versatile and ideal for: - Startups & Small Businesses (due to fast, cost-effective development) - E-commerce Apps (smooth UI animations and responsiveness) - Social Media Apps (real-time updates and interactive features) - Enterprise Apps (consistent performance across devices)\r\n\r\nConclusion\r\n\r\nFlutter simplifies mobile app development while delivering high-quality results. For beginners, it offers an easy-to-learn framework with powerful capabilities. Whether you’re building your first app or looking for a scalable solution, Flutter provides the tools needed to succeed in today’s mobile-first world. With its speed, flexibility, and strong community support, there’s never been a better time to start developing with Flutter.', 1, 1, '2025-06-20 14:12:45', NULL),
(6, 'Building User-Friendly Mobile Apps with React Native Framework', 'Lorem ipsum dolor sit amet consectetur adipiscing elit. Quisque faucibus ex sapien vitae pellentesque sem placerat. In id cursus mi pretium tellus duis convallis. Tempus leo eu aenean sed diam urna tempor. Pulvinar vivamus fringilla lacus nec metus bibendum egestas. Iaculis massa nisl malesuada lacinia integer nunc posuere. Ut hendrerit semper vel class aptent taciti sociosqu. Ad litora torquent per conubia nostra inceptos himenaeos.\r\n\r\nLorem ipsum dolor sit amet consectetur adipiscing elit. Quisque faucibus ex sapien vitae pellentesque sem placerat. In id cursus mi pretium tellus duis convallis. Tempus leo eu aenean sed diam urna tempor. Pulvinar vivamus fringilla lacus nec metus bibendum egestas. Iaculis massa nisl malesuada lacinia integer nunc posuere. Ut hendrerit semper vel class aptent taciti sociosqu. Ad litora torquent per conubia nostra inceptos himenaeos.\r\n\r\nLorem ipsum dolor sit amet consectetur adipiscing elit. Quisque faucibus ex sapien vitae pellentesque sem placerat. In id cursus mi pretium tellus duis convallis. Tempus leo eu aenean sed diam urna tempor. Pulvinar vivamus fringilla lacus nec metus bibendum egestas. Iaculis massa nisl malesuada lacinia integer nunc posuere. Ut hendrerit semper vel class aptent taciti sociosqu. Ad litora torquent per conubia nostra inceptos himenaeos.\r\n\r\nLorem ipsum dolor sit amet consectetur adipiscing elit. Quisque faucibus ex sapien vitae pellentesque sem placerat. In id cursus mi pretium tellus duis convallis. Tempus leo eu aenean sed diam urna tempor. Pulvinar vivamus fringilla lacus nec metus bibendum egestas. Iaculis massa nisl malesuada lacinia integer nunc posuere. Ut hendrerit semper vel class aptent taciti sociosqu. Ad litora torquent per conubia nostra inceptos himenaeos.\r\n\r\nLorem ipsum dolor sit amet consectetur adipiscing elit. Quisque faucibus ex sapien vitae pellentesque sem placerat. In id cursus mi pretium tellus duis convallis. Tempus leo eu aenean sed diam urna tempor. Pulvinar vivamus fringilla lacus nec metus bibendum egestas. Iaculis massa nisl malesuada lacinia integer nunc posuere. Ut hendrerit semper vel class aptent taciti sociosqu. Ad litora torquent per conubia nostra inceptos himenaeos.\r\n\r\nLorem ipsum dolor sit amet consectetur adipiscing elit. Quisque faucibus ex sapien vitae pellentesque sem placerat. In id cursus mi pretium tellus duis convallis. Tempus leo eu aenean sed diam urna tempor. Pulvinar vivamus fringilla lacus nec metus bibendum egestas. Iaculis massa nisl malesuada lacinia integer nunc posuere. Ut hendrerit semper vel class aptent taciti sociosqu. Ad litora torquent per conubia nostra inceptos himenaeos.\r\n\r\nLorem ipsum dolor sit amet consectetur adipiscing elit. Quisque faucibus ex sapien vitae pellentesque sem placerat. In id cursus mi pretium tellus duis convallis. Tempus leo eu aenean sed diam urna tempor. Pulvinar vivamus fringilla lacus nec metus bibendum egestas. Iaculis massa nisl malesuada lacinia integer nunc posuere. Ut hendrerit semper vel class aptent taciti sociosqu. Ad litora torquent per conubia nostra inceptos himenaeos.\r\n\r\nLorem ipsum dolor sit amet consectetur adipiscing elit. Quisque faucibus ex sapien vitae pellentesque sem placerat. In id cursus mi pretium tellus duis convallis. Tempus leo eu aenean sed diam urna tempor. Pulvinar vivamus fringilla lacus nec metus bibendum egestas. Iaculis massa nisl malesuada lacinia integer nunc posuere. Ut hendrerit semper vel class aptent taciti sociosqu. Ad litora torquent per conubia nostra inceptos himenaeos.\r\n\r\nLorem ipsum dolor sit amet consectetur adipiscing elit. Quisque faucibus ex sapien vitae pellentesque sem placerat. In id cursus mi pretium tellus duis convallis. Tempus leo eu aenean sed diam urna tempor. Pulvinar vivamus fringilla lacus nec metus bibendum egestas. Iaculis massa nisl malesuada lacinia integer nunc posuere. Ut hendrerit semper vel class aptent taciti sociosqu. Ad litora torquent per conubia nostra inceptos himenaeos.\r\n\r\nLorem ipsum dolor sit amet consectetur adipiscing elit. Quisque faucibus ex sapien vitae pellentesque sem placerat. In id cursus mi pretium tellus duis convallis. Tempus leo eu aenean sed diam urna tempor. Pulvinar vivamus fringilla lacus nec metus bibendum egestas. Iaculis massa nisl malesuada lacinia integer nunc posuere. Ut hendrerit semper vel class aptent taciti sociosqu. Ad litora torquent per conubia nostra inceptos himenaeos.', 2, 3, '2025-06-20 14:16:13', NULL),
(7, 'A Guide to Creating Mobile Apps with React Native Technology', 'Lorem ipsum dolor sit amet consectetur adipiscing elit. Quisque faucibus ex sapien vitae pellentesque sem placerat. In id cursus mi pretium tellus duis convallis. Tempus leo eu aenean sed diam urna tempor. Pulvinar vivamus fringilla lacus nec metus bibendum egestas. Iaculis massa nisl malesuada lacinia integer nunc posuere. Ut hendrerit semper vel class aptent taciti sociosqu. Ad litora torquent per conubia nostra inceptos himenaeos.\r\n\r\nLorem ipsum dolor sit amet consectetur adipiscing elit. Quisque faucibus ex sapien vitae pellentesque sem placerat. In id cursus mi pretium tellus duis convallis. Tempus leo eu aenean sed diam urna tempor. Pulvinar vivamus fringilla lacus nec metus bibendum egestas. Iaculis massa nisl malesuada lacinia integer nunc posuere. Ut hendrerit semper vel class aptent taciti sociosqu. Ad litora torquent per conubia nostra inceptos himenaeos.\r\n\r\nLorem ipsum dolor sit amet consectetur adipiscing elit. Quisque faucibus ex sapien vitae pellentesque sem placerat. In id cursus mi pretium tellus duis convallis. Tempus leo eu aenean sed diam urna tempor. Pulvinar vivamus fringilla lacus nec metus bibendum egestas. Iaculis massa nisl malesuada lacinia integer nunc posuere. Ut hendrerit semper vel class aptent taciti sociosqu. Ad litora torquent per conubia nostra inceptos himenaeos.\r\n\r\nLorem ipsum dolor sit amet consectetur adipiscing elit. Quisque faucibus ex sapien vitae pellentesque sem placerat. In id cursus mi pretium tellus duis convallis. Tempus leo eu aenean sed diam urna tempor. Pulvinar vivamus fringilla lacus nec metus bibendum egestas. Iaculis massa nisl malesuada lacinia integer nunc posuere. Ut hendrerit semper vel class aptent taciti sociosqu. Ad litora torquent per conubia nostra inceptos himenaeos.\r\n\r\nLorem ipsum dolor sit amet consectetur adipiscing elit. Quisque faucibus ex sapien vitae pellentesque sem placerat. In id cursus mi pretium tellus duis convallis. Tempus leo eu aenean sed diam urna tempor. Pulvinar vivamus fringilla lacus nec metus bibendum egestas. Iaculis massa nisl malesuada lacinia integer nunc posuere. Ut hendrerit semper vel class aptent taciti sociosqu. Ad litora torquent per conubia nostra inceptos himenaeos.\r\n\r\nLorem ipsum dolor sit amet consectetur adipiscing elit. Quisque faucibus ex sapien vitae pellentesque sem placerat. In id cursus mi pretium tellus duis convallis. Tempus leo eu aenean sed diam urna tempor. Pulvinar vivamus fringilla lacus nec metus bibendum egestas. Iaculis massa nisl malesuada lacinia integer nunc posuere. Ut hendrerit semper vel class aptent taciti sociosqu. Ad litora torquent per conubia nostra inceptos himenaeos.\r\n\r\nLorem ipsum dolor sit amet consectetur adipiscing elit. Quisque faucibus ex sapien vitae pellentesque sem placerat. In id cursus mi pretium tellus duis convallis. Tempus leo eu aenean sed diam urna tempor. Pulvinar vivamus fringilla lacus nec metus bibendum egestas. Iaculis massa nisl malesuada lacinia integer nunc posuere. Ut hendrerit semper vel class aptent taciti sociosqu. Ad litora torquent per conubia nostra inceptos himenaeos.\r\n\r\nLorem ipsum dolor sit amet consectetur adipiscing elit. Quisque faucibus ex sapien vitae pellentesque sem placerat. In id cursus mi pretium tellus duis convallis. Tempus leo eu aenean sed diam urna tempor. Pulvinar vivamus fringilla lacus nec metus bibendum egestas. Iaculis massa nisl malesuada lacinia integer nunc posuere. Ut hendrerit semper vel class aptent taciti sociosqu. Ad litora torquent per conubia nostra inceptos himenaeos.\r\n\r\nLorem ipsum dolor sit amet consectetur adipiscing elit. Quisque faucibus ex sapien vitae pellentesque sem placerat. In id cursus mi pretium tellus duis convallis. Tempus leo eu aenean sed diam urna tempor. Pulvinar vivamus fringilla lacus nec metus bibendum egestas. Iaculis massa nisl malesuada lacinia integer nunc posuere. Ut hendrerit semper vel class aptent taciti sociosqu. Ad litora torquent per conubia nostra inceptos himenaeos.\r\n\r\nLorem ipsum dolor sit amet consectetur adipiscing elit. Quisque faucibus ex sapien vitae pellentesque sem placerat. In id cursus mi pretium tellus duis convallis. Tempus leo eu aenean sed diam urna tempor. Pulvinar vivamus fringilla lacus nec metus bibendum egestas. Iaculis massa nisl malesuada lacinia integer nunc posuere. Ut hendrerit semper vel class aptent taciti sociosqu. Ad litora torquent per conubia nostra inceptos himenaeos.', 2, 1, '2025-06-20 14:16:40', NULL),
(8, 'Building Mobile Applications: The Case for Ionic Framework', 'Lorem ipsum dolor sit amet consectetur adipiscing elit. Quisque faucibus ex sapien vitae pellentesque sem placerat. In id cursus mi pretium tellus duis convallis. Tempus leo eu aenean sed diam urna tempor. Pulvinar vivamus fringilla lacus nec metus bibendum egestas. Iaculis massa nisl malesuada lacinia integer nunc posuere. Ut hendrerit semper vel class aptent taciti sociosqu. Ad litora torquent per conubia nostra inceptos himenaeos.\r\n\r\nLorem ipsum dolor sit amet consectetur adipiscing elit. Quisque faucibus ex sapien vitae pellentesque sem placerat. In id cursus mi pretium tellus duis convallis. Tempus leo eu aenean sed diam urna tempor. Pulvinar vivamus fringilla lacus nec metus bibendum egestas. Iaculis massa nisl malesuada lacinia integer nunc posuere. Ut hendrerit semper vel class aptent taciti sociosqu. Ad litora torquent per conubia nostra inceptos himenaeos.\r\n\r\nLorem ipsum dolor sit amet consectetur adipiscing elit. Quisque faucibus ex sapien vitae pellentesque sem placerat. In id cursus mi pretium tellus duis convallis. Tempus leo eu aenean sed diam urna tempor. Pulvinar vivamus fringilla lacus nec metus bibendum egestas. Iaculis massa nisl malesuada lacinia integer nunc posuere. Ut hendrerit semper vel class aptent taciti sociosqu. Ad litora torquent per conubia nostra inceptos himenaeos.\r\n\r\nLorem ipsum dolor sit amet consectetur adipiscing elit. Quisque faucibus ex sapien vitae pellentesque sem placerat. In id cursus mi pretium tellus duis convallis. Tempus leo eu aenean sed diam urna tempor. Pulvinar vivamus fringilla lacus nec metus bibendum egestas. Iaculis massa nisl malesuada lacinia integer nunc posuere. Ut hendrerit semper vel class aptent taciti sociosqu. Ad litora torquent per conubia nostra inceptos himenaeos.\r\n\r\nLorem ipsum dolor sit amet consectetur adipiscing elit. Quisque faucibus ex sapien vitae pellentesque sem placerat. In id cursus mi pretium tellus duis convallis. Tempus leo eu aenean sed diam urna tempor. Pulvinar vivamus fringilla lacus nec metus bibendum egestas. Iaculis massa nisl malesuada lacinia integer nunc posuere. Ut hendrerit semper vel class aptent taciti sociosqu. Ad litora torquent per conubia nostra inceptos himenaeos.\r\n\r\nLorem ipsum dolor sit amet consectetur adipiscing elit. Quisque faucibus ex sapien vitae pellentesque sem placerat. In id cursus mi pretium tellus duis convallis. Tempus leo eu aenean sed diam urna tempor. Pulvinar vivamus fringilla lacus nec metus bibendum egestas. Iaculis massa nisl malesuada lacinia integer nunc posuere. Ut hendrerit semper vel class aptent taciti sociosqu. Ad litora torquent per conubia nostra inceptos himenaeos.\r\n\r\nLorem ipsum dolor sit amet consectetur adipiscing elit. Quisque faucibus ex sapien vitae pellentesque sem placerat. In id cursus mi pretium tellus duis convallis. Tempus leo eu aenean sed diam urna tempor. Pulvinar vivamus fringilla lacus nec metus bibendum egestas. Iaculis massa nisl malesuada lacinia integer nunc posuere. Ut hendrerit semper vel class aptent taciti sociosqu. Ad litora torquent per conubia nostra inceptos himenaeos.\r\n\r\nLorem ipsum dolor sit amet consectetur adipiscing elit. Quisque faucibus ex sapien vitae pellentesque sem placerat. In id cursus mi pretium tellus duis convallis. Tempus leo eu aenean sed diam urna tempor. Pulvinar vivamus fringilla lacus nec metus bibendum egestas. Iaculis massa nisl malesuada lacinia integer nunc posuere. Ut hendrerit semper vel class aptent taciti sociosqu. Ad litora torquent per conubia nostra inceptos himenaeos.\r\n\r\nLorem ipsum dolor sit amet consectetur adipiscing elit. Quisque faucibus ex sapien vitae pellentesque sem placerat. In id cursus mi pretium tellus duis convallis. Tempus leo eu aenean sed diam urna tempor. Pulvinar vivamus fringilla lacus nec metus bibendum egestas. Iaculis massa nisl malesuada lacinia integer nunc posuere. Ut hendrerit semper vel class aptent taciti sociosqu. Ad litora torquent per conubia nostra inceptos himenaeos.\r\n\r\nLorem ipsum dolor sit amet consectetur adipiscing elit. Quisque faucibus ex sapien vitae pellentesque sem placerat. In id cursus mi pretium tellus duis convallis. Tempus leo eu aenean sed diam urna tempor. Pulvinar vivamus fringilla lacus nec metus bibendum egestas. Iaculis massa nisl malesuada lacinia integer nunc posuere. Ut hendrerit semper vel class aptent taciti sociosqu. Ad litora torquent per conubia nostra inceptos himenaeos.', 3, 4, '2025-06-20 14:18:28', '2025-06-20 14:24:26'),
(9, 'Ionic Framework: Your Go-To Solution for Mobile App Creation', 'Lorem ipsum dolor sit amet consectetur adipiscing elit. Quisque faucibus ex sapien vitae pellentesque sem placerat. In id cursus mi pretium tellus duis convallis. Tempus leo eu aenean sed diam urna tempor. Pulvinar vivamus fringilla lacus nec metus bibendum egestas. Iaculis massa nisl malesuada lacinia integer nunc posuere. Ut hendrerit semper vel class aptent taciti sociosqu. Ad litora torquent per conubia nostra inceptos himenaeos.\r\n\r\nLorem ipsum dolor sit amet consectetur adipiscing elit. Quisque faucibus ex sapien vitae pellentesque sem placerat. In id cursus mi pretium tellus duis convallis. Tempus leo eu aenean sed diam urna tempor. Pulvinar vivamus fringilla lacus nec metus bibendum egestas. Iaculis massa nisl malesuada lacinia integer nunc posuere. Ut hendrerit semper vel class aptent taciti sociosqu. Ad litora torquent per conubia nostra inceptos himenaeos.\r\n\r\nLorem ipsum dolor sit amet consectetur adipiscing elit. Quisque faucibus ex sapien vitae pellentesque sem placerat. In id cursus mi pretium tellus duis convallis. Tempus leo eu aenean sed diam urna tempor. Pulvinar vivamus fringilla lacus nec metus bibendum egestas. Iaculis massa nisl malesuada lacinia integer nunc posuere. Ut hendrerit semper vel class aptent taciti sociosqu. Ad litora torquent per conubia nostra inceptos himenaeos.\r\n\r\nLorem ipsum dolor sit amet consectetur adipiscing elit. Quisque faucibus ex sapien vitae pellentesque sem placerat. In id cursus mi pretium tellus duis convallis. Tempus leo eu aenean sed diam urna tempor. Pulvinar vivamus fringilla lacus nec metus bibendum egestas. Iaculis massa nisl malesuada lacinia integer nunc posuere. Ut hendrerit semper vel class aptent taciti sociosqu. Ad litora torquent per conubia nostra inceptos himenaeos.\r\n\r\nLorem ipsum dolor sit amet consectetur adipiscing elit. Quisque faucibus ex sapien vitae pellentesque sem placerat. In id cursus mi pretium tellus duis convallis. Tempus leo eu aenean sed diam urna tempor. Pulvinar vivamus fringilla lacus nec metus bibendum egestas. Iaculis massa nisl malesuada lacinia integer nunc posuere. Ut hendrerit semper vel class aptent taciti sociosqu. Ad litora torquent per conubia nostra inceptos himenaeos.\r\n\r\nLorem ipsum dolor sit amet consectetur adipiscing elit. Quisque faucibus ex sapien vitae pellentesque sem placerat. In id cursus mi pretium tellus duis convallis. Tempus leo eu aenean sed diam urna tempor. Pulvinar vivamus fringilla lacus nec metus bibendum egestas. Iaculis massa nisl malesuada lacinia integer nunc posuere. Ut hendrerit semper vel class aptent taciti sociosqu. Ad litora torquent per conubia nostra inceptos himenaeos.\r\n\r\nLorem ipsum dolor sit amet consectetur adipiscing elit. Quisque faucibus ex sapien vitae pellentesque sem placerat. In id cursus mi pretium tellus duis convallis. Tempus leo eu aenean sed diam urna tempor. Pulvinar vivamus fringilla lacus nec metus bibendum egestas. Iaculis massa nisl malesuada lacinia integer nunc posuere. Ut hendrerit semper vel class aptent taciti sociosqu. Ad litora torquent per conubia nostra inceptos himenaeos.\r\n\r\nLorem ipsum dolor sit amet consectetur adipiscing elit. Quisque faucibus ex sapien vitae pellentesque sem placerat. In id cursus mi pretium tellus duis convallis. Tempus leo eu aenean sed diam urna tempor. Pulvinar vivamus fringilla lacus nec metus bibendum egestas. Iaculis massa nisl malesuada lacinia integer nunc posuere. Ut hendrerit semper vel class aptent taciti sociosqu. Ad litora torquent per conubia nostra inceptos himenaeos.\r\n\r\nLorem ipsum dolor sit amet consectetur adipiscing elit. Quisque faucibus ex sapien vitae pellentesque sem placerat. In id cursus mi pretium tellus duis convallis. Tempus leo eu aenean sed diam urna tempor. Pulvinar vivamus fringilla lacus nec metus bibendum egestas. Iaculis massa nisl malesuada lacinia integer nunc posuere. Ut hendrerit semper vel class aptent taciti sociosqu. Ad litora torquent per conubia nostra inceptos himenaeos.\r\n\r\nLorem ipsum dolor sit amet consectetur adipiscing elit. Quisque faucibus ex sapien vitae pellentesque sem placerat. In id cursus mi pretium tellus duis convallis. Tempus leo eu aenean sed diam urna tempor. Pulvinar vivamus fringilla lacus nec metus bibendum egestas. Iaculis massa nisl malesuada lacinia integer nunc posuere. Ut hendrerit semper vel class aptent taciti sociosqu. Ad litora torquent per conubia nostra inceptos himenaeos.', 3, 2, '2025-06-20 14:18:58', NULL),
(10, 'Build Your Own Mobile Component with Framework7 Easily', 'Lorem ipsum dolor sit amet consectetur adipiscing elit. Quisque faucibus ex sapien vitae pellentesque sem placerat. In id cursus mi pretium tellus duis convallis. Tempus leo eu aenean sed diam urna tempor. Pulvinar vivamus fringilla lacus nec metus bibendum egestas. Iaculis massa nisl malesuada lacinia integer nunc posuere. Ut hendrerit semper vel class aptent taciti sociosqu. Ad litora torquent per conubia nostra inceptos himenaeos.\r\n\r\nLorem ipsum dolor sit amet consectetur adipiscing elit. Quisque faucibus ex sapien vitae pellentesque sem placerat. In id cursus mi pretium tellus duis convallis. Tempus leo eu aenean sed diam urna tempor. Pulvinar vivamus fringilla lacus nec metus bibendum egestas. Iaculis massa nisl malesuada lacinia integer nunc posuere. Ut hendrerit semper vel class aptent taciti sociosqu. Ad litora torquent per conubia nostra inceptos himenaeos.\r\n\r\nLorem ipsum dolor sit amet consectetur adipiscing elit. Quisque faucibus ex sapien vitae pellentesque sem placerat. In id cursus mi pretium tellus duis convallis. Tempus leo eu aenean sed diam urna tempor. Pulvinar vivamus fringilla lacus nec metus bibendum egestas. Iaculis massa nisl malesuada lacinia integer nunc posuere. Ut hendrerit semper vel class aptent taciti sociosqu. Ad litora torquent per conubia nostra inceptos himenaeos.\r\n\r\nLorem ipsum dolor sit amet consectetur adipiscing elit. Quisque faucibus ex sapien vitae pellentesque sem placerat. In id cursus mi pretium tellus duis convallis. Tempus leo eu aenean sed diam urna tempor. Pulvinar vivamus fringilla lacus nec metus bibendum egestas. Iaculis massa nisl malesuada lacinia integer nunc posuere. Ut hendrerit semper vel class aptent taciti sociosqu. Ad litora torquent per conubia nostra inceptos himenaeos.\r\n\r\nLorem ipsum dolor sit amet consectetur adipiscing elit. Quisque faucibus ex sapien vitae pellentesque sem placerat. In id cursus mi pretium tellus duis convallis. Tempus leo eu aenean sed diam urna tempor. Pulvinar vivamus fringilla lacus nec metus bibendum egestas. Iaculis massa nisl malesuada lacinia integer nunc posuere. Ut hendrerit semper vel class aptent taciti sociosqu. Ad litora torquent per conubia nostra inceptos himenaeos.\r\n\r\nLorem ipsum dolor sit amet consectetur adipiscing elit. Quisque faucibus ex sapien vitae pellentesque sem placerat. In id cursus mi pretium tellus duis convallis. Tempus leo eu aenean sed diam urna tempor. Pulvinar vivamus fringilla lacus nec metus bibendum egestas. Iaculis massa nisl malesuada lacinia integer nunc posuere. Ut hendrerit semper vel class aptent taciti sociosqu. Ad litora torquent per conubia nostra inceptos himenaeos.\r\n\r\nLorem ipsum dolor sit amet consectetur adipiscing elit. Quisque faucibus ex sapien vitae pellentesque sem placerat. In id cursus mi pretium tellus duis convallis. Tempus leo eu aenean sed diam urna tempor. Pulvinar vivamus fringilla lacus nec metus bibendum egestas. Iaculis massa nisl malesuada lacinia integer nunc posuere. Ut hendrerit semper vel class aptent taciti sociosqu. Ad litora torquent per conubia nostra inceptos himenaeos.\r\n\r\nLorem ipsum dolor sit amet consectetur adipiscing elit. Quisque faucibus ex sapien vitae pellentesque sem placerat. In id cursus mi pretium tellus duis convallis. Tempus leo eu aenean sed diam urna tempor. Pulvinar vivamus fringilla lacus nec metus bibendum egestas. Iaculis massa nisl malesuada lacinia integer nunc posuere. Ut hendrerit semper vel class aptent taciti sociosqu. Ad litora torquent per conubia nostra inceptos himenaeos.\r\n\r\nLorem ipsum dolor sit amet consectetur adipiscing elit. Quisque faucibus ex sapien vitae pellentesque sem placerat. In id cursus mi pretium tellus duis convallis. Tempus leo eu aenean sed diam urna tempor. Pulvinar vivamus fringilla lacus nec metus bibendum egestas. Iaculis massa nisl malesuada lacinia integer nunc posuere. Ut hendrerit semper vel class aptent taciti sociosqu. Ad litora torquent per conubia nostra inceptos himenaeos.\r\n\r\nLorem ipsum dolor sit amet consectetur adipiscing elit. Quisque faucibus ex sapien vitae pellentesque sem placerat. In id cursus mi pretium tellus duis convallis. Tempus leo eu aenean sed diam urna tempor. Pulvinar vivamus fringilla lacus nec metus bibendum egestas. Iaculis massa nisl malesuada lacinia integer nunc posuere. Ut hendrerit semper vel class aptent taciti sociosqu. Ad litora torquent per conubia nostra inceptos himenaeos.', 4, 1, '2025-06-20 14:20:01', NULL);
INSERT INTO `articles` (`id`, `title`, `content`, `category_id`, `author_id`, `published_at`, `updated_at`) VALUES
(11, 'Framework7: Your Easy Path to Custom Mobile Component Development', 'Lorem ipsum dolor sit amet consectetur adipiscing elit. Quisque faucibus ex sapien vitae pellentesque sem placerat. In id cursus mi pretium tellus duis convallis. Tempus leo eu aenean sed diam urna tempor. Pulvinar vivamus fringilla lacus nec metus bibendum egestas. Iaculis massa nisl malesuada lacinia integer nunc posuere. Ut hendrerit semper vel class aptent taciti sociosqu. Ad litora torquent per conubia nostra inceptos himenaeos.\r\n\r\nLorem ipsum dolor sit amet consectetur adipiscing elit. Quisque faucibus ex sapien vitae pellentesque sem placerat. In id cursus mi pretium tellus duis convallis. Tempus leo eu aenean sed diam urna tempor. Pulvinar vivamus fringilla lacus nec metus bibendum egestas. Iaculis massa nisl malesuada lacinia integer nunc posuere. Ut hendrerit semper vel class aptent taciti sociosqu. Ad litora torquent per conubia nostra inceptos himenaeos.\r\n\r\nLorem ipsum dolor sit amet consectetur adipiscing elit. Quisque faucibus ex sapien vitae pellentesque sem placerat. In id cursus mi pretium tellus duis convallis. Tempus leo eu aenean sed diam urna tempor. Pulvinar vivamus fringilla lacus nec metus bibendum egestas. Iaculis massa nisl malesuada lacinia integer nunc posuere. Ut hendrerit semper vel class aptent taciti sociosqu. Ad litora torquent per conubia nostra inceptos himenaeos.\r\n\r\nLorem ipsum dolor sit amet consectetur adipiscing elit. Quisque faucibus ex sapien vitae pellentesque sem placerat. In id cursus mi pretium tellus duis convallis. Tempus leo eu aenean sed diam urna tempor. Pulvinar vivamus fringilla lacus nec metus bibendum egestas. Iaculis massa nisl malesuada lacinia integer nunc posuere. Ut hendrerit semper vel class aptent taciti sociosqu. Ad litora torquent per conubia nostra inceptos himenaeos.\r\n\r\nLorem ipsum dolor sit amet consectetur adipiscing elit. Quisque faucibus ex sapien vitae pellentesque sem placerat. In id cursus mi pretium tellus duis convallis. Tempus leo eu aenean sed diam urna tempor. Pulvinar vivamus fringilla lacus nec metus bibendum egestas. Iaculis massa nisl malesuada lacinia integer nunc posuere. Ut hendrerit semper vel class aptent taciti sociosqu. Ad litora torquent per conubia nostra inceptos himenaeos.\r\n\r\nLorem ipsum dolor sit amet consectetur adipiscing elit. Quisque faucibus ex sapien vitae pellentesque sem placerat. In id cursus mi pretium tellus duis convallis. Tempus leo eu aenean sed diam urna tempor. Pulvinar vivamus fringilla lacus nec metus bibendum egestas. Iaculis massa nisl malesuada lacinia integer nunc posuere. Ut hendrerit semper vel class aptent taciti sociosqu. Ad litora torquent per conubia nostra inceptos himenaeos.\r\n\r\nLorem ipsum dolor sit amet consectetur adipiscing elit. Quisque faucibus ex sapien vitae pellentesque sem placerat. In id cursus mi pretium tellus duis convallis. Tempus leo eu aenean sed diam urna tempor. Pulvinar vivamus fringilla lacus nec metus bibendum egestas. Iaculis massa nisl malesuada lacinia integer nunc posuere. Ut hendrerit semper vel class aptent taciti sociosqu. Ad litora torquent per conubia nostra inceptos himenaeos.\r\n\r\nLorem ipsum dolor sit amet consectetur adipiscing elit. Quisque faucibus ex sapien vitae pellentesque sem placerat. In id cursus mi pretium tellus duis convallis. Tempus leo eu aenean sed diam urna tempor. Pulvinar vivamus fringilla lacus nec metus bibendum egestas. Iaculis massa nisl malesuada lacinia integer nunc posuere. Ut hendrerit semper vel class aptent taciti sociosqu. Ad litora torquent per conubia nostra inceptos himenaeos.\r\n\r\nLorem ipsum dolor sit amet consectetur adipiscing elit. Quisque faucibus ex sapien vitae pellentesque sem placerat. In id cursus mi pretium tellus duis convallis. Tempus leo eu aenean sed diam urna tempor. Pulvinar vivamus fringilla lacus nec metus bibendum egestas. Iaculis massa nisl malesuada lacinia integer nunc posuere. Ut hendrerit semper vel class aptent taciti sociosqu. Ad litora torquent per conubia nostra inceptos himenaeos.\r\n\r\nLorem ipsum dolor sit amet consectetur adipiscing elit. Quisque faucibus ex sapien vitae pellentesque sem placerat. In id cursus mi pretium tellus duis convallis. Tempus leo eu aenean sed diam urna tempor. Pulvinar vivamus fringilla lacus nec metus bibendum egestas. Iaculis massa nisl malesuada lacinia integer nunc posuere. Ut hendrerit semper vel class aptent taciti sociosqu. Ad litora torquent per conubia nostra inceptos himenaeos.', 4, 3, '2025-06-20 14:20:27', NULL),
(12, 'The Future Is in Your Pocket: Why Mobile App Development is the Career to Pursue', 'The Future Is in Your Pocket: Why Mobile App Development is the Career to Pursue\r\n\r\nIn today\'s fast-paced digital world, mobile apps have become an indispensable part of daily life. From ordering food and booking rides to managing finances and learning new skills, smartphones handle it all with a few taps. This widespread reliance on mobile technology has fueled explosive growth in the app development industry, making it one of the most lucrative and exciting career paths for students.\r\n\r\nThe Booming Mobile App Industry\r\n\r\nMobile app development is no longer just a niche skill—it’s a global industry worth billions. Statista predicts that by 2026, mobile app revenue will exceed $613 billion, driven by increasing smartphone adoption and innovative technologies like AI, AR, and IoT. Companies across all sectors—healthcare, finance, entertainment, and education—are investing heavily in mobile apps to stay competitive.\r\n\r\nFor students, this boom translates to endless opportunities. Whether you\'re interested in coding, design, marketing, or project management, mobile app development offers diverse roles that cater to various skill sets.\r\n\r\nWhy Mobile Development is Perfect for Students\r\n\r\n1. High Demand for Skills Businesses are constantly looking for skilled developers who can create intuitive, high-performing apps. Learning mobile development—whether for iOS (Swift) or Android (Kotlin/Java)—opens doors to internships, freelance gigs, and full-time positions. Even basic knowledge can set you apart in the job market.\r\n\r\n2. Creativity Meets Technology Developing an app isn’t just about writing code—it’s about solving real-world problems creatively. You get to design user-friendly interfaces, brainstorm innovative features, and watch your ideas come to life.\r\n\r\n3. Low Barrier to Entry Unlike some tech fields that require years of specialized education, mobile development is accessible. Free resources like Google’s Android Developer courses, Apple’s Swift tutorials, and platforms like Udemy and Coursera make it easy to start coding right away.\r\n\r\n4. Entrepreneurial Potential Got a brilliant app idea? You can build and launch it independently. Many successful apps, like Flappy Bird and WhatsApp, started as side projects. With app stores democratizing distribution, students can turn innovative concepts into profitable businesses.\r\n\r\nHow to Get Started\r\n\r\n1. Choose a Platform Decide whether to focus on iOS, Android, or cross-platform development (using frameworks like Flutter or React Native). Each has pros and cons, but cross-platform tools are trending due to their efficiency.\r\n\r\n2. Learn the Basics Start with fundamental programming languages: - Swift (for iOS) - Kotlin/Java (for Android) - JavaScript/TypeScript (for React Native)\r\n\r\nMastering UI/UX design principles is equally important—users expect sleek, easy-to-navigate apps.\r\n\r\n3. Build Projects Hands-on experience is crucial. Begin with small apps—a to-do list, calculator, or weather app—then expand to more complex ideas. Use GitHub to showcase your work.\r\n\r\n4. Leverage the Community Join developer forums (Stack Overflow, Reddit’s r/androiddev, Apple Developer Forums) to seek feedback and stay updated on industry trends. Networking can lead to mentorships or collaborations.\r\n\r\nThe Lucrative Future of App Development\r\n\r\nThe rise of 5G, AI-powered apps, foldable devices, and wearable tech ensures that mobile development isn’t slowing down. Industry leaders predict that augmented reality apps, voice assistants, and progressive web apps (PWAs) will dominate soon. By entering this field now, students position themselves at the forefront of innovation.\r\n\r\nInvesting time in mobile app development today doesn’t just secure job stability—it empowers students to shape the digital future. The skills you build today could lead to the next revolutionary app or even your own tech startup. The best part? The tools are at your fingertips—your only limit is your ambition.', 5, 4, '2025-06-21 15:40:35', NULL);

-- --------------------------------------------------------

--
-- Table structure for table `article_tags`
--

CREATE TABLE `article_tags` (
  `id` int(20) NOT NULL,
  `article_id` int(20) DEFAULT NULL,
  `tag_id` int(20) DEFAULT NULL,
  `created_at` timestamp NOT NULL DEFAULT current_timestamp()
) ENGINE=InnoDB DEFAULT CHARSET=utf8mb4 COLLATE=utf8mb4_general_ci;

--
-- Dumping data for table `article_tags`
--

INSERT INTO `article_tags` (`id`, `article_id`, `tag_id`, `created_at`) VALUES
(1, 1, 1, '2025-06-20 15:12:02'),
(2, 1, 4, '2025-06-20 15:12:02'),
(3, 1, 5, '2025-06-20 15:12:02'),
(4, 1, 7, '2025-06-20 15:12:02'),
(5, 2, 7, '2025-06-20 15:12:27'),
(6, 2, 8, '2025-06-20 15:12:27'),
(7, 3, 2, '2025-06-20 15:12:59'),
(8, 3, 5, '2025-06-20 15:12:59'),
(9, 3, 6, '2025-06-20 15:12:59'),
(10, 4, 4, '2025-06-20 15:13:15'),
(11, 5, 5, '2025-06-20 15:13:37'),
(12, 5, 6, '2025-06-20 15:13:37'),
(13, 6, 2, '2025-06-20 15:13:55'),
(14, 7, 2, '2025-06-20 15:14:28'),
(15, 7, 4, '2025-06-20 15:14:28'),
(16, 7, 5, '2025-06-20 15:14:28'),
(17, 8, 4, '2025-06-20 15:15:25'),
(18, 8, 5, '2025-06-20 15:15:25'),
(19, 8, 7, '2025-06-20 15:15:25'),
(20, 8, 8, '2025-06-20 15:15:25'),
(21, 9, 5, '2025-06-20 15:15:50'),
(22, 9, 6, '2025-06-20 15:15:50'),
(23, 10, 3, '2025-06-20 15:16:19'),
(24, 10, 4, '2025-06-20 15:16:19'),
(25, 11, 3, '2025-06-20 15:16:47'),
(26, 11, 4, '2025-06-20 15:16:47'),
(27, 11, 5, '2025-06-20 15:16:47'),
(28, 11, 6, '2025-06-20 15:16:47');

-- --------------------------------------------------------

--
-- Table structure for table `authors`
--

CREATE TABLE `authors` (
  `id` int(11) NOT NULL,
  `name` varchar(255) NOT NULL,
  `email` varchar(255) DEFAULT NULL,
  `created_at` timestamp NOT NULL DEFAULT current_timestamp()
) ENGINE=InnoDB DEFAULT CHARSET=utf8mb4 COLLATE=utf8mb4_general_ci;

--
-- Dumping data for table `authors`
--

INSERT INTO `authors` (`id`, `name`, `email`, `created_at`) VALUES
(1, 'Anita A. Whitfield', 'AnitaAWhitfield@jourrapide.com', '2025-06-17 20:11:30'),
(2, 'Tamie J. Lockridge', 'TamieJLockridge@armyspy.com', '2025-06-17 20:12:07'),
(3, 'Doris A. Brewer', 'DorisABrewer@teleworm.us', '2025-06-17 20:12:32'),
(4, 'Joe G. Smith', 'JoeGSmith@jourrapide.com', '2025-06-20 14:23:43'),
(5, 'Carmen M. Kelley', 'CarmenMKelley@jourrapide.com', '2025-06-20 14:24:13');

-- --------------------------------------------------------

--
-- Table structure for table `categories`
--

CREATE TABLE `categories` (
  `id` int(11) NOT NULL,
  `name` varchar(255) NOT NULL,
  `created_at` timestamp NOT NULL DEFAULT current_timestamp()
) ENGINE=InnoDB DEFAULT CHARSET=utf8mb4 COLLATE=utf8mb4_general_ci;

--
-- Dumping data for table `categories`
--

INSERT INTO `categories` (`id`, `name`, `created_at`) VALUES
(1, 'Flutter', '2025-06-17 20:09:01'),
(2, 'React Native', '2025-06-17 20:09:14'),
(3, 'Ionic Framework', '2025-06-17 20:09:20'),
(4, 'Framework7', '2025-06-17 20:09:25'),
(5, 'General', '2025-06-17 20:22:48');

-- --------------------------------------------------------

--
-- Table structure for table `tags`
--

CREATE TABLE `tags` (
  `id` int(20) NOT NULL,
  `name` varchar(100) NOT NULL,
  `created_at` timestamp NOT NULL DEFAULT current_timestamp()
) ENGINE=InnoDB DEFAULT CHARSET=utf8mb4 COLLATE=utf8mb4_general_ci;

--
-- Dumping data for table `tags`
--

INSERT INTO `tags` (`id`, `name`, `created_at`) VALUES
(1, 'flutter', '2025-06-20 15:05:56'),
(2, 'react native', '2025-06-20 15:06:07'),
(3, 'framework7', '2025-06-20 15:06:15'),
(4, 'framework', '2025-06-20 15:06:25'),
(5, 'mobile', '2025-06-20 15:06:31'),
(6, 'application', '2025-06-20 15:06:37'),
(7, 'android', '2025-06-20 15:06:42'),
(8, 'ios', '2025-06-20 15:06:45');

-- --------------------------------------------------------

--
-- Table structure for table `users`
--

CREATE TABLE `users` (
  `id` int(20) NOT NULL,
  `name` varchar(100) NOT NULL,
  `email` varchar(100) NOT NULL,
  `password` varchar(100) NOT NULL,
  `address` text DEFAULT NULL,
  `phone` text DEFAULT NULL,
  `photo` text DEFAULT 'https://i.ibb.co/xtgVFHyg/Rizal-Studio-Logo.png',
  `role` enum('admin','user') NOT NULL DEFAULT 'user',
  `created_at` timestamp NOT NULL DEFAULT current_timestamp(),
  `updated_at` timestamp NULL DEFAULT NULL ON UPDATE current_timestamp()
) ENGINE=InnoDB DEFAULT CHARSET=utf8mb4 COLLATE=utf8mb4_general_ci;

--
-- Dumping data for table `users`
--

INSERT INTO `users` (`id`, `name`, `email`, `password`, `address`, `phone`, `photo`, `role`, `created_at`, `updated_at`) VALUES
(1, 'Yusuf Rizal H.', 'yrizal@email.com', '$2y$10$4zX4n12b9csbCcTQso1plunc3HaMI6qxxf8/sGsa473XPXJCWAQKO', 'Surabaya', '772330449', 'https://i.ibb.co/xtgVFHyg/Rizal-Studio-Logo.png', 'admin', '2025-06-21 21:03:50', '2025-06-21 21:52:13'),
(2, 'Benazir Shea', 'b.shea@company.com', '$2y$10$YQoBeeh59Xd7lRcHbjtJqempwvYUdjqAnk2SoM/W8tErPR.OPCau2', 'Malang', NULL, 'https://i.ibb.co/xtgVFHyg/Rizal-Studio-Logo.png', 'user', '2025-06-21 21:05:52', '2025-06-21 21:51:59'),
(3, 'Anderson Gonzales', 'anderson.g@email.com', '$2y$10$a3aHcpD0AvKvwC9XbgA0M.k7bGzQiBdwabxpnrNGOIDqM6teaiYF2', 'Los Angeles', NULL, 'https://i.ibb.co/xtgVFHyg/Rizal-Studio-Logo.png', 'user', '2025-06-21 21:07:17', '2025-06-21 21:51:59'),
(4, 'Stephanie Seagal', 's.seagal@email.com', '$2y$10$XsUG0quXx37VY.D4VUcU9./I/obQyCbVNUuCcZSqOAw7Py0ewSKqu', 'Tanzania', '866534900', 'https://i.ibb.co/xtgVFHyg/Rizal-Studio-Logo.png', 'user', '2025-06-21 21:18:39', NULL);

--
-- Indexes for dumped tables
--

--
-- Indexes for table `articles`
--
ALTER TABLE `articles`
  ADD PRIMARY KEY (`id`),
  ADD KEY `category_id` (`category_id`),
  ADD KEY `author_id` (`author_id`);

--
-- Indexes for table `article_tags`
--
ALTER TABLE `article_tags`
  ADD PRIMARY KEY (`id`);

--
-- Indexes for table `authors`
--
ALTER TABLE `authors`
  ADD PRIMARY KEY (`id`);

--
-- Indexes for table `categories`
--
ALTER TABLE `categories`
  ADD PRIMARY KEY (`id`);

--
-- Indexes for table `tags`
--
ALTER TABLE `tags`
  ADD PRIMARY KEY (`id`);

--
-- Indexes for table `users`
--
ALTER TABLE `users`
  ADD PRIMARY KEY (`id`),
  ADD UNIQUE KEY `email` (`email`);

--
-- AUTO_INCREMENT for dumped tables
--

--
-- AUTO_INCREMENT for table `articles`
--
ALTER TABLE `articles`
  MODIFY `id` int(20) NOT NULL AUTO_INCREMENT, AUTO_INCREMENT=13;

--
-- AUTO_INCREMENT for table `article_tags`
--
ALTER TABLE `article_tags`
  MODIFY `id` int(20) NOT NULL AUTO_INCREMENT, AUTO_INCREMENT=29;

--
-- AUTO_INCREMENT for table `authors`
--
ALTER TABLE `authors`
  MODIFY `id` int(11) NOT NULL AUTO_INCREMENT, AUTO_INCREMENT=6;

--
-- AUTO_INCREMENT for table `categories`
--
ALTER TABLE `categories`
  MODIFY `id` int(11) NOT NULL AUTO_INCREMENT, AUTO_INCREMENT=6;

--
-- AUTO_INCREMENT for table `tags`
--
ALTER TABLE `tags`
  MODIFY `id` int(20) NOT NULL AUTO_INCREMENT, AUTO_INCREMENT=9;

--
-- AUTO_INCREMENT for table `users`
--
ALTER TABLE `users`
  MODIFY `id` int(20) NOT NULL AUTO_INCREMENT, AUTO_INCREMENT=5;

--
-- Constraints for dumped tables
--

--
-- Constraints for table `articles`
--
ALTER TABLE `articles`
  ADD CONSTRAINT `articles_ibfk_1` FOREIGN KEY (`category_id`) REFERENCES `categories` (`id`) ON DELETE CASCADE ON UPDATE CASCADE,
  ADD CONSTRAINT `articles_ibfk_2` FOREIGN KEY (`author_id`) REFERENCES `authors` (`id`) ON DELETE CASCADE ON UPDATE CASCADE;
COMMIT;

/*!40101 SET CHARACTER_SET_CLIENT=@OLD_CHARACTER_SET_CLIENT */;
/*!40101 SET CHARACTER_SET_RESULTS=@OLD_CHARACTER_SET_RESULTS */;
/*!40101 SET COLLATION_CONNECTION=@OLD_COLLATION_CONNECTION */;
